{
  "accuracy": 0.9997243368179987,
  "precision_macro": 0.9997216278582672,
  "recall_macro": 0.9997154035631359,
  "f1_macro": 0.999718515232307,
  "n_test": 47159
}